cidade,data,temperatura,descricao,nuvens,dados_climaticos_id
Rio Branco,2024-06-02 00:00:00,26,algumas nuvens,13,3662574
Rio Branco,2024-06-02 03:00:00,24,céu limpo,7,3662574
Rio Branco,2024-06-02 06:00:00,21,céu limpo,0,3662574
Rio Branco,2024-06-02 09:00:00,20,céu limpo,0,3662574
Rio Branco,2024-06-02 12:00:00,22,céu limpo,3,3662574
Rio Branco,2024-06-02 15:00:00,30,nublado,80,3662574
Rio Branco,2024-06-02 18:00:00,34,nublado,63,3662574
Rio Branco,2024-06-02 21:00:00,31,nuvens dispersas,25,3662574
Rio Branco,2024-06-03 00:00:00,25,nublado,58,3662574
Rio Branco,2024-06-03 03:00:00,24,nuvens dispersas,31,3662574
Rio Branco,2024-06-03 06:00:00,22,nuvens dispersas,29,3662574
Rio Branco,2024-06-03 09:00:00,22,nublado,65,3662574
Rio Branco,2024-06-03 12:00:00,24,nuvens dispersas,49,3662574
Rio Branco,2024-06-03 15:00:00,31,nublado,100,3662574
Rio Branco,2024-06-03 18:00:00,34,nublado,95,3662574
Rio Branco,2024-06-03 21:00:00,32,algumas nuvens,24,3662574
Rio Branco,2024-06-04 00:00:00,27,nuvens dispersas,25,3662574
Rio Branco,2024-06-04 03:00:00,24,nublado,79,3662574
Rio Branco,2024-06-04 06:00:00,23,nublado,62,3662574
Rio Branco,2024-06-04 09:00:00,21,nublado,66,3662574
Rio Branco,2024-06-04 12:00:00,23,nublado,84,3662574
Rio Branco,2024-06-04 15:00:00,31,nublado,60,3662574
Rio Branco,2024-06-04 18:00:00,34,nublado,51,3662574
Rio Branco,2024-06-04 21:00:00,32,nuvens dispersas,35,3662574
Rio Branco,2024-06-05 00:00:00,26,nuvens dispersas,45,3662574
Rio Branco,2024-06-05 03:00:00,25,céu limpo,0,3662574
Rio Branco,2024-06-05 06:00:00,23,algumas nuvens,23,3662574
Rio Branco,2024-06-05 09:00:00,22,nublado,59,3662574
Rio Branco,2024-06-05 12:00:00,24,nublado,57,3662574
Rio Branco,2024-06-05 15:00:00,32,nuvens dispersas,47,3662574
Rio Branco,2024-06-05 18:00:00,33,nublado,66,3662574
Rio Branco,2024-06-05 21:00:00,31,nublado,85,3662574
Rio Branco,2024-06-06 00:00:00,25,nublado,58,3662574
Rio Branco,2024-06-06 03:00:00,25,nublado,72,3662574
Rio Branco,2024-06-06 06:00:00,26,nublado,88,3662574
Rio Branco,2024-06-06 09:00:00,22,nublado,86,3662574
Rio Branco,2024-06-06 12:00:00,23,nublado,82,3662574
Rio Branco,2024-06-06 15:00:00,31,nublado,92,3662574
Rio Branco,2024-06-06 18:00:00,35,nublado,78,3662574
Rio Branco,2024-06-06 21:00:00,33,nuvens dispersas,50,3662574
Macapá,2024-06-02 00:00:00,27,chuva leve,31,3396016
Macapá,2024-06-02 03:00:00,26,chuva leve,21,3396016
Macapá,2024-06-02 06:00:00,25,chuva leve,21,3396016
Macapá,2024-06-02 09:00:00,24,chuva leve,42,3396016
Macapá,2024-06-02 12:00:00,26,chuva leve,34,3396016
Macapá,2024-06-02 15:00:00,29,chuva leve,21,3396016
Macapá,2024-06-02 18:00:00,30,algumas nuvens,22,3396016
Macapá,2024-06-02 21:00:00,27,chuva leve,28,3396016
Macapá,2024-06-03 00:00:00,26,chuva leve,36,3396016
Macapá,2024-06-03 03:00:00,25,chuva leve,97,3396016
Macapá,2024-06-03 06:00:00,24,chuva leve,83,3396016
Macapá,2024-06-03 09:00:00,24,chuva moderada,58,3396016
Macapá,2024-06-03 12:00:00,27,chuva leve,39,3396016
Macapá,2024-06-03 15:00:00,29,chuva leve,100,3396016
Macapá,2024-06-03 18:00:00,29,chuva leve,72,3396016
Macapá,2024-06-03 21:00:00,26,chuva moderada,25,3396016
Macapá,2024-06-04 00:00:00,25,chuva moderada,45,3396016
Macapá,2024-06-04 03:00:00,25,chuva moderada,93,3396016
Macapá,2024-06-04 06:00:00,24,chuva moderada,96,3396016
Macapá,2024-06-04 09:00:00,25,chuva moderada,100,3396016
Macapá,2024-06-04 12:00:00,26,nublado,93,3396016
Macapá,2024-06-04 15:00:00,29,chuva leve,33,3396016
Macapá,2024-06-04 18:00:00,29,chuva leve,22,3396016
Macapá,2024-06-04 21:00:00,27,chuva moderada,12,3396016
Macapá,2024-06-05 00:00:00,25,chuva leve,10,3396016
Macapá,2024-06-05 03:00:00,25,chuva moderada,18,3396016
Macapá,2024-06-05 06:00:00,25,chuva leve,18,3396016
Macapá,2024-06-05 09:00:00,25,chuva leve,15,3396016
Macapá,2024-06-05 12:00:00,26,chuva leve,14,3396016
Macapá,2024-06-05 15:00:00,28,chuva leve,10,3396016
Macapá,2024-06-05 18:00:00,28,chuva leve,8,3396016
Macapá,2024-06-05 21:00:00,28,chuva leve,2,3396016
Macapá,2024-06-06 00:00:00,26,céu limpo,2,3396016
Macapá,2024-06-06 03:00:00,25,chuva leve,7,3396016
Macapá,2024-06-06 06:00:00,25,chuva leve,11,3396016
Macapá,2024-06-06 09:00:00,24,chuva leve,11,3396016
Macapá,2024-06-06 12:00:00,26,nuvens dispersas,35,3396016
Macapá,2024-06-06 15:00:00,28,nublado,90,3396016
Macapá,2024-06-06 18:00:00,30,nublado,83,3396016
Macapá,2024-06-06 21:00:00,27,chuva leve,61,3396016
Manaus,2024-06-02 00:00:00,25,chuva leve,35,3663517
Manaus,2024-06-02 03:00:00,24,chuva leve,67,3663517
Manaus,2024-06-02 06:00:00,24,nublado,83,3663517
Manaus,2024-06-02 09:00:00,24,nublado,100,3663517
Manaus,2024-06-02 12:00:00,24,nublado,100,3663517
Manaus,2024-06-02 15:00:00,30,nublado,75,3663517
Manaus,2024-06-02 18:00:00,31,chuva leve,51,3663517
Manaus,2024-06-02 21:00:00,27,chuva leve,45,3663517
Manaus,2024-06-03 00:00:00,25,chuva leve,73,3663517
Manaus,2024-06-03 03:00:00,24,chuva leve,100,3663517
Manaus,2024-06-03 06:00:00,24,nublado,98,3663517
Manaus,2024-06-03 09:00:00,24,nuvens dispersas,41,3663517
Manaus,2024-06-03 12:00:00,25,nublado,69,3663517
Manaus,2024-06-03 15:00:00,30,nublado,100,3663517
Manaus,2024-06-03 18:00:00,30,chuva leve,81,3663517
Manaus,2024-06-03 21:00:00,27,chuva leve,52,3663517
Manaus,2024-06-04 00:00:00,25,chuva leve,45,3663517
Manaus,2024-06-04 03:00:00,24,nuvens dispersas,47,3663517
Manaus,2024-06-04 06:00:00,24,nublado,73,3663517
Manaus,2024-06-04 09:00:00,23,nublado,100,3663517
Manaus,2024-06-04 12:00:00,25,nublado,95,3663517
Manaus,2024-06-04 15:00:00,31,nublado,95,3663517
Manaus,2024-06-04 18:00:00,32,chuva leve,71,3663517
Manaus,2024-06-04 21:00:00,29,chuva leve,17,3663517
Manaus,2024-06-05 00:00:00,27,nuvens dispersas,36,3663517
Manaus,2024-06-05 03:00:00,26,nublado,84,3663517
Manaus,2024-06-05 06:00:00,25,nuvens dispersas,40,3663517
Manaus,2024-06-05 09:00:00,24,algumas nuvens,12,3663517
Manaus,2024-06-05 12:00:00,27,algumas nuvens,17,3663517
Manaus,2024-06-05 15:00:00,31,algumas nuvens,12,3663517
Manaus,2024-06-05 18:00:00,33,algumas nuvens,14,3663517
Manaus,2024-06-05 21:00:00,28,chuva leve,80,3663517
Manaus,2024-06-06 00:00:00,25,chuva leve,48,3663517
Manaus,2024-06-06 03:00:00,25,chuva leve,85,3663517
Manaus,2024-06-06 06:00:00,24,chuva leve,88,3663517
Manaus,2024-06-06 09:00:00,24,nublado,95,3663517
Manaus,2024-06-06 12:00:00,25,nublado,97,3663517
Manaus,2024-06-06 15:00:00,30,nublado,94,3663517
Manaus,2024-06-06 18:00:00,31,chuva leve,82,3663517
Manaus,2024-06-06 21:00:00,29,chuva leve,49,3663517
Belém,2024-06-02 00:00:00,24,chuva moderada,64,3405870
Belém,2024-06-02 03:00:00,24,chuva leve,62,3405870
Belém,2024-06-02 06:00:00,23,nuvens dispersas,41,3405870
Belém,2024-06-02 09:00:00,23,algumas nuvens,20,3405870
Belém,2024-06-02 12:00:00,27,algumas nuvens,17,3405870
Belém,2024-06-02 15:00:00,32,céu limpo,10,3405870
Belém,2024-06-02 18:00:00,28,chuva leve,46,3405870
Belém,2024-06-02 21:00:00,26,chuva leve,30,3405870
Belém,2024-06-03 00:00:00,24,chuva leve,64,3405870
Belém,2024-06-03 03:00:00,23,nublado,70,3405870
Belém,2024-06-03 06:00:00,23,nublado,86,3405870
Belém,2024-06-03 09:00:00,23,chuva leve,50,3405870
Belém,2024-06-03 12:00:00,28,nublado,52,3405870
Belém,2024-06-03 15:00:00,32,chuva leve,49,3405870
Belém,2024-06-03 18:00:00,31,chuva leve,72,3405870
Belém,2024-06-03 21:00:00,26,chuva leve,57,3405870
Belém,2024-06-04 00:00:00,25,chuva leve,79,3405870
Belém,2024-06-04 03:00:00,24,chuva leve,100,3405870
Belém,2024-06-04 06:00:00,24,nublado,100,3405870
Belém,2024-06-04 09:00:00,24,nublado,93,3405870
Belém,2024-06-04 12:00:00,28,nublado,58,3405870
Belém,2024-06-04 15:00:00,32,algumas nuvens,16,3405870
Belém,2024-06-04 18:00:00,30,chuva leve,42,3405870
Belém,2024-06-04 21:00:00,25,chuva moderada,54,3405870
Belém,2024-06-05 00:00:00,24,chuva leve,55,3405870
Belém,2024-06-05 03:00:00,23,chuva leve,55,3405870
Belém,2024-06-05 06:00:00,23,chuva leve,40,3405870
Belém,2024-06-05 09:00:00,23,nuvens dispersas,27,3405870
Belém,2024-06-05 12:00:00,27,nublado,51,3405870
Belém,2024-06-05 15:00:00,30,chuva leve,50,3405870
Belém,2024-06-05 18:00:00,30,chuva leve,71,3405870
Belém,2024-06-05 21:00:00,25,chuva moderada,66,3405870
Belém,2024-06-06 00:00:00,24,chuva moderada,60,3405870
Belém,2024-06-06 03:00:00,23,chuva leve,46,3405870
Belém,2024-06-06 06:00:00,23,chuva leve,55,3405870
Belém,2024-06-06 09:00:00,23,nuvens dispersas,40,3405870
Belém,2024-06-06 12:00:00,27,nuvens dispersas,32,3405870
Belém,2024-06-06 15:00:00,32,nublado,96,3405870
Belém,2024-06-06 18:00:00,26,chuva leve,90,3405870
Belém,2024-06-06 21:00:00,25,chuva leve,34,3405870
Porto Velho,2024-06-02 00:00:00,27,algumas nuvens,14,3662762
Porto Velho,2024-06-02 03:00:00,26,nublado,55,3662762
Porto Velho,2024-06-02 06:00:00,25,nublado,87,3662762
Porto Velho,2024-06-02 09:00:00,22,nublado,63,3662762
Porto Velho,2024-06-02 12:00:00,25,nublado,68,3662762
Porto Velho,2024-06-02 15:00:00,32,nublado,84,3662762
Porto Velho,2024-06-02 18:00:00,35,nuvens dispersas,46,3662762
Porto Velho,2024-06-02 21:00:00,31,nuvens dispersas,39,3662762
Porto Velho,2024-06-03 00:00:00,28,nublado,72,3662762
Porto Velho,2024-06-03 03:00:00,25,nuvens dispersas,43,3662762
Porto Velho,2024-06-03 06:00:00,25,nublado,56,3662762
Porto Velho,2024-06-03 09:00:00,24,nublado,99,3662762
Porto Velho,2024-06-03 12:00:00,26,nublado,100,3662762
Porto Velho,2024-06-03 15:00:00,31,nublado,92,3662762
Porto Velho,2024-06-03 18:00:00,33,nublado,87,3662762
Porto Velho,2024-06-03 21:00:00,31,nublado,70,3662762
Porto Velho,2024-06-04 00:00:00,26,nublado,86,3662762
Porto Velho,2024-06-04 03:00:00,24,nublado,68,3662762
Porto Velho,2024-06-04 06:00:00,23,nublado,77,3662762
Porto Velho,2024-06-04 09:00:00,23,nublado,100,3662762
Porto Velho,2024-06-04 12:00:00,25,nublado,100,3662762
Porto Velho,2024-06-04 15:00:00,32,nublado,84,3662762
Porto Velho,2024-06-04 18:00:00,35,nublado,80,3662762
Porto Velho,2024-06-04 21:00:00,31,nublado,75,3662762
Porto Velho,2024-06-05 00:00:00,27,nublado,65,3662762
Porto Velho,2024-06-05 03:00:00,26,nublado,99,3662762
Porto Velho,2024-06-05 06:00:00,23,nublado,75,3662762
Porto Velho,2024-06-05 09:00:00,22,nublado,57,3662762
Porto Velho,2024-06-05 12:00:00,25,nublado,60,3662762
Porto Velho,2024-06-05 15:00:00,33,nublado,81,3662762
Porto Velho,2024-06-05 18:00:00,36,nublado,88,3662762
Porto Velho,2024-06-05 21:00:00,32,nublado,90,3662762
Porto Velho,2024-06-06 00:00:00,27,nublado,94,3662762
Porto Velho,2024-06-06 03:00:00,24,nublado,100,3662762
Porto Velho,2024-06-06 06:00:00,24,nublado,100,3662762
Porto Velho,2024-06-06 09:00:00,22,nublado,95,3662762
Porto Velho,2024-06-06 12:00:00,25,nublado,97,3662762
Porto Velho,2024-06-06 15:00:00,34,nublado,100,3662762
Porto Velho,2024-06-06 18:00:00,36,nublado,89,3662762
Porto Velho,2024-06-06 21:00:00,32,nuvens dispersas,45,3662762
Boa Vista,2024-06-02 00:00:00,26,chuva leve,60,3664980
Boa Vista,2024-06-02 03:00:00,25,chuva leve,80,3664980
Boa Vista,2024-06-02 06:00:00,24,chuva leve,100,3664980
Boa Vista,2024-06-02 09:00:00,23,chuva leve,63,3664980
Boa Vista,2024-06-02 12:00:00,25,chuva leve,67,3664980
Boa Vista,2024-06-02 15:00:00,27,chuva moderada,64,3664980
Boa Vista,2024-06-02 18:00:00,29,chuva leve,78,3664980
Boa Vista,2024-06-02 21:00:00,28,chuva leve,100,3664980
Boa Vista,2024-06-03 00:00:00,25,chuva leve,100,3664980
Boa Vista,2024-06-03 03:00:00,24,chuva leve,99,3664980
Boa Vista,2024-06-03 06:00:00,23,chuva leve,100,3664980
Boa Vista,2024-06-03 09:00:00,23,chuva leve,100,3664980
Boa Vista,2024-06-03 12:00:00,25,chuva leve,100,3664980
Boa Vista,2024-06-03 15:00:00,29,chuva leve,100,3664980
Boa Vista,2024-06-03 18:00:00,31,nublado,100,3664980
Boa Vista,2024-06-03 21:00:00,29,nublado,63,3664980
Boa Vista,2024-06-04 00:00:00,27,nublado,82,3664980
Boa Vista,2024-06-04 03:00:00,25,chuva leve,55,3664980
Boa Vista,2024-06-04 06:00:00,24,chuva leve,44,3664980
Boa Vista,2024-06-04 09:00:00,24,chuva leve,82,3664980
Boa Vista,2024-06-04 12:00:00,25,nublado,90,3664980
Boa Vista,2024-06-04 15:00:00,30,chuva leve,15,3664980
Boa Vista,2024-06-04 18:00:00,31,chuva leve,22,3664980
Boa Vista,2024-06-04 21:00:00,29,chuva leve,19,3664980
Boa Vista,2024-06-05 00:00:00,25,chuva leve,25,3664980
Boa Vista,2024-06-05 03:00:00,24,nublado,68,3664980
Boa Vista,2024-06-05 06:00:00,25,nublado,84,3664980
Boa Vista,2024-06-05 09:00:00,24,chuva leve,100,3664980
Boa Vista,2024-06-05 12:00:00,26,chuva leve,95,3664980
Boa Vista,2024-06-05 15:00:00,30,chuva leve,29,3664980
Boa Vista,2024-06-05 18:00:00,32,chuva leve,29,3664980
Boa Vista,2024-06-05 21:00:00,26,chuva leve,100,3664980
Boa Vista,2024-06-06 00:00:00,26,nublado,72,3664980
Boa Vista,2024-06-06 03:00:00,26,nublado,83,3664980
Boa Vista,2024-06-06 06:00:00,25,nublado,90,3664980
Boa Vista,2024-06-06 09:00:00,24,chuva leve,97,3664980
Boa Vista,2024-06-06 12:00:00,25,chuva leve,100,3664980
Boa Vista,2024-06-06 15:00:00,31,chuva leve,76,3664980
Boa Vista,2024-06-06 18:00:00,32,nuvens dispersas,42,3664980
Boa Vista,2024-06-06 21:00:00,30,nuvens dispersas,37,3664980
Palmas,2024-06-02 00:00:00,27,céu limpo,3,3474574
Palmas,2024-06-02 03:00:00,25,céu limpo,5,3474574
Palmas,2024-06-02 06:00:00,23,algumas nuvens,19,3474574
Palmas,2024-06-02 09:00:00,23,nublado,58,3474574
Palmas,2024-06-02 12:00:00,28,nuvens dispersas,31,3474574
Palmas,2024-06-02 15:00:00,33,céu limpo,1,3474574
Palmas,2024-06-02 18:00:00,35,céu limpo,0,3474574
Palmas,2024-06-02 21:00:00,28,algumas nuvens,22,3474574
Palmas,2024-06-03 00:00:00,26,algumas nuvens,14,3474574
Palmas,2024-06-03 03:00:00,24,céu limpo,6,3474574
Palmas,2024-06-03 06:00:00,24,nuvens dispersas,34,3474574
Palmas,2024-06-03 09:00:00,23,nublado,77,3474574
Palmas,2024-06-03 12:00:00,28,nublado,73,3474574
Palmas,2024-06-03 15:00:00,33,nublado,83,3474574
Palmas,2024-06-03 18:00:00,35,nublado,82,3474574
Palmas,2024-06-03 21:00:00,31,nublado,63,3474574
Palmas,2024-06-04 00:00:00,27,nublado,82,3474574
Palmas,2024-06-04 03:00:00,24,nublado,68,3474574
Palmas,2024-06-04 06:00:00,24,nublado,62,3474574
Palmas,2024-06-04 09:00:00,24,nublado,99,3474574
Palmas,2024-06-04 12:00:00,28,nublado,100,3474574
Palmas,2024-06-04 15:00:00,32,nublado,95,3474574
Palmas,2024-06-04 18:00:00,34,nublado,98,3474574
Palmas,2024-06-04 21:00:00,29,nublado,100,3474574
Palmas,2024-06-05 00:00:00,27,nublado,100,3474574
Palmas,2024-06-05 03:00:00,26,nublado,95,3474574
Palmas,2024-06-05 06:00:00,25,nublado,98,3474574
Palmas,2024-06-05 09:00:00,24,nublado,100,3474574
Palmas,2024-06-05 12:00:00,29,nublado,100,3474574
Palmas,2024-06-05 15:00:00,33,nublado,90,3474574
Palmas,2024-06-05 18:00:00,35,nublado,80,3474574
Palmas,2024-06-05 21:00:00,30,nublado,88,3474574
Palmas,2024-06-06 00:00:00,29,nublado,96,3474574
Palmas,2024-06-06 03:00:00,28,nublado,100,3474574
Palmas,2024-06-06 06:00:00,25,nublado,90,3474574
Palmas,2024-06-06 09:00:00,24,céu limpo,5,3474574
Palmas,2024-06-06 12:00:00,29,algumas nuvens,24,3474574
Palmas,2024-06-06 15:00:00,34,céu limpo,4,3474574
Palmas,2024-06-06 18:00:00,35,céu limpo,2,3474574
Palmas,2024-06-06 21:00:00,31,nuvens dispersas,36,3474574
Maceió,2024-06-02 00:00:00,25,chuva moderada,52,3395981
Maceió,2024-06-02 03:00:00,25,chuva moderada,26,3395981
Maceió,2024-06-02 06:00:00,25,chuva moderada,19,3395981
Maceió,2024-06-02 09:00:00,25,chuva moderada,27,3395981
Maceió,2024-06-02 12:00:00,26,chuva moderada,22,3395981
Maceió,2024-06-02 15:00:00,26,chuva moderada,12,3395981
Maceió,2024-06-02 18:00:00,25,chuva moderada,14,3395981
Maceió,2024-06-02 21:00:00,26,chuva leve,52,3395981
Maceió,2024-06-03 00:00:00,26,chuva leve,56,3395981
Maceió,2024-06-03 03:00:00,26,nublado,100,3395981
Maceió,2024-06-03 06:00:00,26,nublado,82,3395981
Maceió,2024-06-03 09:00:00,25,céu limpo,8,3395981
Maceió,2024-06-03 12:00:00,26,chuva leve,15,3395981
Maceió,2024-06-03 15:00:00,26,chuva leve,59,3395981
Maceió,2024-06-03 18:00:00,26,chuva leve,45,3395981
Maceió,2024-06-03 21:00:00,26,chuva leve,68,3395981
Maceió,2024-06-04 00:00:00,25,chuva leve,59,3395981
Maceió,2024-06-04 03:00:00,25,chuva leve,34,3395981
Maceió,2024-06-04 06:00:00,25,chuva leve,25,3395981
Maceió,2024-06-04 09:00:00,25,chuva leve,33,3395981
Maceió,2024-06-04 12:00:00,26,chuva leve,24,3395981
Maceió,2024-06-04 15:00:00,27,chuva leve,13,3395981
Maceió,2024-06-04 18:00:00,27,chuva leve,23,3395981
Maceió,2024-06-04 21:00:00,26,chuva leve,28,3395981
Maceió,2024-06-05 00:00:00,25,chuva leve,64,3395981
Maceió,2024-06-05 03:00:00,24,chuva moderada,96,3395981
Maceió,2024-06-05 06:00:00,24,chuva moderada,81,3395981
Maceió,2024-06-05 09:00:00,24,chuva moderada,35,3395981
Maceió,2024-06-05 12:00:00,25,chuva moderada,40,3395981
Maceió,2024-06-05 15:00:00,26,chuva moderada,94,3395981
Maceió,2024-06-05 18:00:00,26,chuva moderada,97,3395981
Maceió,2024-06-05 21:00:00,25,chuva leve,51,3395981
Maceió,2024-06-06 00:00:00,25,chuva leve,52,3395981
Maceió,2024-06-06 03:00:00,25,chuva leve,100,3395981
Maceió,2024-06-06 06:00:00,24,chuva moderada,78,3395981
Maceió,2024-06-06 09:00:00,24,chuva moderada,72,3395981
Maceió,2024-06-06 12:00:00,26,chuva leve,86,3395981
Maceió,2024-06-06 15:00:00,26,chuva leve,60,3395981
Maceió,2024-06-06 18:00:00,26,chuva leve,41,3395981
Maceió,2024-06-06 21:00:00,25,chuva moderada,52,3395981
Salvador,2024-06-02 00:00:00,30,chuva leve,75,3585968
Salvador,2024-06-02 03:00:00,26,chuva moderada,90,3585968
Salvador,2024-06-02 06:00:00,22,chuva moderada,100,3585968
Salvador,2024-06-02 09:00:00,21,nublado,100,3585968
Salvador,2024-06-02 12:00:00,21,chuva leve,100,3585968
Salvador,2024-06-02 15:00:00,26,chuva leve,80,3585968
Salvador,2024-06-02 18:00:00,32,chuva leve,90,3585968
Salvador,2024-06-02 21:00:00,30,chuva leve,98,3585968
Salvador,2024-06-03 00:00:00,25,chuva leve,95,3585968
Salvador,2024-06-03 03:00:00,22,chuva moderada,97,3585968
Salvador,2024-06-03 06:00:00,22,chuva moderada,99,3585968
Salvador,2024-06-03 09:00:00,21,chuva leve,100,3585968
Salvador,2024-06-03 12:00:00,21,nublado,100,3585968
Salvador,2024-06-03 15:00:00,27,nublado,100,3585968
Salvador,2024-06-03 18:00:00,31,chuva leve,91,3585968
Salvador,2024-06-03 21:00:00,31,chuva leve,73,3585968
Salvador,2024-06-04 00:00:00,24,chuva leve,80,3585968
Salvador,2024-06-04 03:00:00,22,chuva leve,87,3585968
Salvador,2024-06-04 06:00:00,22,nublado,91,3585968
Salvador,2024-06-04 09:00:00,21,chuva leve,93,3585968
Salvador,2024-06-04 12:00:00,21,nublado,97,3585968
Salvador,2024-06-04 15:00:00,26,nublado,97,3585968
Salvador,2024-06-04 18:00:00,29,chuva leve,97,3585968
Salvador,2024-06-04 21:00:00,28,chuva leve,99,3585968
Salvador,2024-06-05 00:00:00,24,chuva leve,100,3585968
Salvador,2024-06-05 03:00:00,22,chuva leve,100,3585968
Salvador,2024-06-05 06:00:00,21,chuva leve,97,3585968
Salvador,2024-06-05 09:00:00,21,nublado,82,3585968
Salvador,2024-06-05 12:00:00,21,nublado,91,3585968
Salvador,2024-06-05 15:00:00,27,chuva leve,94,3585968
Salvador,2024-06-05 18:00:00,28,chuva leve,97,3585968
Salvador,2024-06-05 21:00:00,29,nublado,98,3585968
Salvador,2024-06-06 00:00:00,23,chuva moderada,97,3585968
Salvador,2024-06-06 03:00:00,22,chuva moderada,99,3585968
Salvador,2024-06-06 06:00:00,21,chuva leve,99,3585968
Salvador,2024-06-06 09:00:00,21,chuva leve,98,3585968
Salvador,2024-06-06 12:00:00,21,chuva leve,99,3585968
Salvador,2024-06-06 15:00:00,22,chuva leve,100,3585968
Salvador,2024-06-06 18:00:00,22,chuva leve,100,3585968
Salvador,2024-06-06 21:00:00,21,chuva moderada,100,3585968
Fortaleza,2024-06-02 00:00:00,27,céu limpo,4,6320062
Fortaleza,2024-06-02 03:00:00,27,chuva leve,11,6320062
Fortaleza,2024-06-02 06:00:00,26,chuva leve,17,6320062
Fortaleza,2024-06-02 09:00:00,23,chuva moderada,39,6320062
Fortaleza,2024-06-02 12:00:00,26,chuva leve,36,6320062
Fortaleza,2024-06-02 15:00:00,27,chuva moderada,55,6320062
Fortaleza,2024-06-02 18:00:00,27,chuva leve,36,6320062
Fortaleza,2024-06-02 21:00:00,25,chuva leve,21,6320062
Fortaleza,2024-06-03 00:00:00,25,chuva leve,20,6320062
Fortaleza,2024-06-03 03:00:00,26,chuva leve,10,6320062
Fortaleza,2024-06-03 06:00:00,25,chuva leve,24,6320062
Fortaleza,2024-06-03 09:00:00,23,chuva leve,36,6320062
Fortaleza,2024-06-03 12:00:00,26,nuvens dispersas,32,6320062
Fortaleza,2024-06-03 15:00:00,29,nuvens dispersas,30,6320062
Fortaleza,2024-06-03 18:00:00,28,nuvens dispersas,36,6320062
Fortaleza,2024-06-03 21:00:00,26,chuva leve,59,6320062
Fortaleza,2024-06-04 00:00:00,26,chuva leve,39,6320062
Fortaleza,2024-06-04 03:00:00,25,chuva leve,9,6320062
Fortaleza,2024-06-04 06:00:00,25,chuva leve,11,6320062
Fortaleza,2024-06-04 09:00:00,23,chuva leve,77,6320062
Fortaleza,2024-06-04 12:00:00,26,nublado,79,6320062
Fortaleza,2024-06-04 15:00:00,28,nublado,90,6320062
Fortaleza,2024-06-04 18:00:00,28,chuva leve,95,6320062
Fortaleza,2024-06-04 21:00:00,26,nublado,85,6320062
Fortaleza,2024-06-05 00:00:00,26,chuva leve,68,6320062
Fortaleza,2024-06-05 03:00:00,26,chuva leve,95,6320062
Fortaleza,2024-06-05 06:00:00,24,chuva leve,85,6320062
Fortaleza,2024-06-05 09:00:00,24,chuva leve,87,6320062
Fortaleza,2024-06-05 12:00:00,27,chuva leve,92,6320062
Fortaleza,2024-06-05 15:00:00,28,chuva leve,81,6320062
Fortaleza,2024-06-05 18:00:00,28,chuva leve,62,6320062
Fortaleza,2024-06-05 21:00:00,26,chuva leve,31,6320062
Fortaleza,2024-06-06 00:00:00,25,chuva leve,46,6320062
Fortaleza,2024-06-06 03:00:00,25,chuva leve,55,6320062
Fortaleza,2024-06-06 06:00:00,24,chuva leve,38,6320062
Fortaleza,2024-06-06 09:00:00,23,chuva moderada,60,6320062
Fortaleza,2024-06-06 12:00:00,26,chuva leve,69,6320062
Fortaleza,2024-06-06 15:00:00,28,chuva leve,56,6320062
Fortaleza,2024-06-06 18:00:00,28,chuva leve,62,6320062
Fortaleza,2024-06-06 21:00:00,26,nuvens dispersas,47,6320062
São Luís,2024-06-02 00:00:00,26,chuva leve,30,3388368
São Luís,2024-06-02 03:00:00,26,chuva leve,18,3388368
São Luís,2024-06-02 06:00:00,26,chuva leve,9,3388368
São Luís,2024-06-02 09:00:00,26,algumas nuvens,12,3388368
São Luís,2024-06-02 12:00:00,27,chuva moderada,11,3388368
São Luís,2024-06-02 15:00:00,29,chuva leve,6,3388368
São Luís,2024-06-02 18:00:00,30,chuva leve,17,3388368
São Luís,2024-06-02 21:00:00,27,chuva leve,32,3388368
São Luís,2024-06-03 00:00:00,26,chuva leve,46,3388368
São Luís,2024-06-03 03:00:00,27,chuva leve,83,3388368
São Luís,2024-06-03 06:00:00,26,chuva leve,88,3388368
São Luís,2024-06-03 09:00:00,26,chuva moderada,79,3388368
São Luís,2024-06-03 12:00:00,27,chuva leve,78,3388368
São Luís,2024-06-03 15:00:00,29,chuva leve,87,3388368
São Luís,2024-06-03 18:00:00,28,chuva leve,87,3388368
São Luís,2024-06-03 21:00:00,26,chuva leve,90,3388368
São Luís,2024-06-04 00:00:00,26,chuva leve,94,3388368
São Luís,2024-06-04 03:00:00,25,chuva leve,49,3388368
São Luís,2024-06-04 06:00:00,26,chuva leve,58,3388368
São Luís,2024-06-04 09:00:00,26,algumas nuvens,22,3388368
São Luís,2024-06-04 12:00:00,27,chuva leve,28,3388368
São Luís,2024-06-04 15:00:00,28,chuva leve,9,3388368
São Luís,2024-06-04 18:00:00,28,chuva leve,11,3388368
São Luís,2024-06-04 21:00:00,26,chuva leve,2,3388368
São Luís,2024-06-05 00:00:00,26,chuva leve,16,3388368
São Luís,2024-06-05 03:00:00,26,chuva leve,21,3388368
São Luís,2024-06-05 06:00:00,26,chuva leve,42,3388368
São Luís,2024-06-05 09:00:00,26,algumas nuvens,20,3388368
São Luís,2024-06-05 12:00:00,28,chuva leve,16,3388368
São Luís,2024-06-05 15:00:00,29,nublado,72,3388368
São Luís,2024-06-05 18:00:00,28,chuva leve,73,3388368
São Luís,2024-06-05 21:00:00,26,chuva moderada,94,3388368
São Luís,2024-06-06 00:00:00,25,chuva moderada,96,3388368
São Luís,2024-06-06 03:00:00,26,chuva leve,43,3388368
São Luís,2024-06-06 06:00:00,26,chuva leve,26,3388368
São Luís,2024-06-06 09:00:00,26,algumas nuvens,15,3388368
São Luís,2024-06-06 12:00:00,27,chuva leve,8,3388368
São Luís,2024-06-06 15:00:00,28,chuva moderada,68,3388368
São Luís,2024-06-06 18:00:00,28,chuva leve,57,3388368
São Luís,2024-06-06 21:00:00,27,chuva leve,49,3388368
João Pessoa,2024-06-02 00:00:00,26,chuva leve,56,3397277
João Pessoa,2024-06-02 03:00:00,25,chuva leve,39,3397277
João Pessoa,2024-06-02 06:00:00,24,chuva leve,21,3397277
João Pessoa,2024-06-02 09:00:00,25,chuva leve,17,3397277
João Pessoa,2024-06-02 12:00:00,27,chuva leve,14,3397277
João Pessoa,2024-06-02 15:00:00,28,chuva leve,30,3397277
João Pessoa,2024-06-02 18:00:00,28,algumas nuvens,20,3397277
João Pessoa,2024-06-02 21:00:00,25,céu limpo,8,3397277
João Pessoa,2024-06-03 00:00:00,25,chuva leve,8,3397277
João Pessoa,2024-06-03 03:00:00,24,chuva leve,21,3397277
João Pessoa,2024-06-03 06:00:00,24,chuva leve,31,3397277
João Pessoa,2024-06-03 09:00:00,24,chuva leve,26,3397277
João Pessoa,2024-06-03 12:00:00,26,chuva moderada,23,3397277
João Pessoa,2024-06-03 15:00:00,27,chuva moderada,68,3397277
João Pessoa,2024-06-03 18:00:00,26,chuva moderada,75,3397277
João Pessoa,2024-06-03 21:00:00,24,chuva moderada,79,3397277
João Pessoa,2024-06-04 00:00:00,24,chuva leve,61,3397277
João Pessoa,2024-06-04 03:00:00,24,chuva leve,14,3397277
João Pessoa,2024-06-04 06:00:00,24,chuva leve,31,3397277
João Pessoa,2024-06-04 09:00:00,24,chuva leve,93,3397277
João Pessoa,2024-06-04 12:00:00,27,chuva leve,76,3397277
João Pessoa,2024-06-04 15:00:00,28,chuva leve,54,3397277
João Pessoa,2024-06-04 18:00:00,27,nublado,56,3397277
João Pessoa,2024-06-04 21:00:00,25,chuva leve,23,3397277
João Pessoa,2024-06-05 00:00:00,24,chuva leve,51,3397277
João Pessoa,2024-06-05 03:00:00,24,chuva moderada,91,3397277
João Pessoa,2024-06-05 06:00:00,24,chuva moderada,94,3397277
João Pessoa,2024-06-05 09:00:00,24,chuva leve,85,3397277
João Pessoa,2024-06-05 12:00:00,26,chuva leve,82,3397277
João Pessoa,2024-06-05 15:00:00,27,chuva leve,98,3397277
João Pessoa,2024-06-05 18:00:00,27,chuva leve,95,3397277
João Pessoa,2024-06-05 21:00:00,24,chuva leve,84,3397277
João Pessoa,2024-06-06 00:00:00,24,chuva moderada,88,3397277
João Pessoa,2024-06-06 03:00:00,23,chuva moderada,84,3397277
João Pessoa,2024-06-06 06:00:00,23,chuva moderada,89,3397277
João Pessoa,2024-06-06 09:00:00,23,chuva leve,73,3397277
João Pessoa,2024-06-06 12:00:00,26,chuva leve,79,3397277
João Pessoa,2024-06-06 15:00:00,27,chuva leve,78,3397277
João Pessoa,2024-06-06 18:00:00,26,chuva leve,79,3397277
João Pessoa,2024-06-06 21:00:00,24,chuva leve,96,3397277
Recife,2024-06-02 00:00:00,25,chuva leve,52,3390760
Recife,2024-06-02 03:00:00,26,chuva moderada,58,3390760
Recife,2024-06-02 06:00:00,26,chuva leve,40,3390760
Recife,2024-06-02 09:00:00,26,chuva leve,16,3390760
Recife,2024-06-02 12:00:00,28,chuva leve,23,3390760
Recife,2024-06-02 15:00:00,28,chuva leve,19,3390760
Recife,2024-06-02 18:00:00,27,chuva leve,19,3390760
Recife,2024-06-02 21:00:00,26,chuva leve,7,3390760
Recife,2024-06-03 00:00:00,26,céu limpo,6,3390760
Recife,2024-06-03 03:00:00,26,céu limpo,5,3390760
Recife,2024-06-03 06:00:00,25,chuva leve,7,3390760
Recife,2024-06-03 09:00:00,24,chuva leve,26,3390760
Recife,2024-06-03 12:00:00,26,chuva moderada,34,3390760
Recife,2024-06-03 15:00:00,27,chuva moderada,36,3390760
Recife,2024-06-03 18:00:00,26,chuva moderada,54,3390760
Recife,2024-06-03 21:00:00,25,chuva leve,47,3390760
Recife,2024-06-04 00:00:00,25,chuva leve,52,3390760
Recife,2024-06-04 03:00:00,25,chuva leve,97,3390760
Recife,2024-06-04 06:00:00,25,chuva leve,91,3390760
Recife,2024-06-04 09:00:00,25,nublado,71,3390760
Recife,2024-06-04 12:00:00,27,chuva leve,48,3390760
Recife,2024-06-04 15:00:00,28,chuva leve,40,3390760
Recife,2024-06-04 18:00:00,27,chuva leve,31,3390760
Recife,2024-06-04 21:00:00,25,chuva leve,16,3390760
Recife,2024-06-05 00:00:00,25,chuva moderada,15,3390760
Recife,2024-06-05 03:00:00,25,chuva leve,36,3390760
Recife,2024-06-05 06:00:00,24,chuva leve,51,3390760
Recife,2024-06-05 09:00:00,24,chuva moderada,83,3390760
Recife,2024-06-05 12:00:00,26,chuva moderada,91,3390760
Recife,2024-06-05 15:00:00,26,chuva moderada,94,3390760
Recife,2024-06-05 18:00:00,26,chuva moderada,97,3390760
Recife,2024-06-05 21:00:00,25,chuva moderada,100,3390760
Recife,2024-06-06 00:00:00,24,chuva moderada,92,3390760
Recife,2024-06-06 03:00:00,24,chuva moderada,100,3390760
Recife,2024-06-06 06:00:00,24,chuva moderada,99,3390760
Recife,2024-06-06 09:00:00,24,chuva moderada,82,3390760
Recife,2024-06-06 12:00:00,25,chuva moderada,90,3390760
Recife,2024-06-06 15:00:00,26,chuva leve,94,3390760
Recife,2024-06-06 18:00:00,26,chuva leve,97,3390760
Recife,2024-06-06 21:00:00,25,chuva leve,94,3390760
Natal,2024-06-02 00:00:00,25,chuva leve,55,3394023
Natal,2024-06-02 03:00:00,24,chuva leve,64,3394023
Natal,2024-06-02 06:00:00,24,chuva leve,56,3394023
Natal,2024-06-02 09:00:00,24,chuva leve,91,3394023
Natal,2024-06-02 12:00:00,26,chuva leve,91,3394023
Natal,2024-06-02 15:00:00,29,nublado,80,3394023
Natal,2024-06-02 18:00:00,28,nublado,58,3394023
Natal,2024-06-02 21:00:00,26,chuva leve,40,3394023
Natal,2024-06-03 00:00:00,25,nublado,67,3394023
Natal,2024-06-03 03:00:00,24,chuva leve,82,3394023
Natal,2024-06-03 06:00:00,23,chuva leve,71,3394023
Natal,2024-06-03 09:00:00,23,chuva leve,32,3394023
Natal,2024-06-03 12:00:00,27,chuva leve,53,3394023
Natal,2024-06-03 15:00:00,29,chuva leve,68,3394023
Natal,2024-06-03 18:00:00,28,nublado,81,3394023
Natal,2024-06-03 21:00:00,25,chuva leve,100,3394023
Natal,2024-06-04 00:00:00,24,chuva leve,88,3394023
Natal,2024-06-04 03:00:00,24,chuva leve,20,3394023
Natal,2024-06-04 06:00:00,23,chuva leve,30,3394023
Natal,2024-06-04 09:00:00,23,nublado,83,3394023
Natal,2024-06-04 12:00:00,27,chuva leve,71,3394023
Natal,2024-06-04 15:00:00,29,chuva leve,33,3394023
Natal,2024-06-04 18:00:00,28,chuva leve,45,3394023
Natal,2024-06-04 21:00:00,26,chuva leve,15,3394023
Natal,2024-06-05 00:00:00,25,chuva leve,17,3394023
Natal,2024-06-05 03:00:00,24,chuva leve,74,3394023
Natal,2024-06-05 06:00:00,24,chuva leve,85,3394023
Natal,2024-06-05 09:00:00,24,chuva leve,99,3394023
Natal,2024-06-05 12:00:00,26,chuva leve,84,3394023
Natal,2024-06-05 15:00:00,27,chuva leve,89,3394023
Natal,2024-06-05 18:00:00,27,chuva leve,95,3394023
Natal,2024-06-05 21:00:00,25,chuva leve,44,3394023
Natal,2024-06-06 00:00:00,24,chuva leve,50,3394023
Natal,2024-06-06 03:00:00,24,chuva moderada,97,3394023
Natal,2024-06-06 06:00:00,23,chuva leve,88,3394023
Natal,2024-06-06 09:00:00,23,chuva leve,29,3394023
Natal,2024-06-06 12:00:00,26,chuva leve,50,3394023
Natal,2024-06-06 15:00:00,27,chuva leve,79,3394023
Natal,2024-06-06 18:00:00,26,chuva leve,85,3394023
Natal,2024-06-06 21:00:00,25,nuvens dispersas,43,3394023
Aracaju,2024-06-02 00:00:00,26,chuva leve,66,3471872
Aracaju,2024-06-02 03:00:00,24,chuva moderada,30,3471872
Aracaju,2024-06-02 06:00:00,23,chuva moderada,29,3471872
Aracaju,2024-06-02 09:00:00,23,chuva moderada,79,3471872
Aracaju,2024-06-02 12:00:00,26,chuva moderada,52,3471872
Aracaju,2024-06-02 15:00:00,26,chuva moderada,11,3471872
Aracaju,2024-06-02 18:00:00,26,chuva leve,15,3471872
Aracaju,2024-06-02 21:00:00,25,céu limpo,3,3471872
Aracaju,2024-06-03 00:00:00,25,céu limpo,7,3471872
Aracaju,2024-06-03 03:00:00,24,chuva leve,49,3471872
Aracaju,2024-06-03 06:00:00,24,chuva leve,48,3471872
Aracaju,2024-06-03 09:00:00,24,chuva leve,25,3471872
Aracaju,2024-06-03 12:00:00,27,algumas nuvens,17,3471872
Aracaju,2024-06-03 15:00:00,28,chuva leve,22,3471872
Aracaju,2024-06-03 18:00:00,26,chuva leve,25,3471872
Aracaju,2024-06-03 21:00:00,24,chuva leve,41,3471872
Aracaju,2024-06-04 00:00:00,24,chuva leve,21,3471872
Aracaju,2024-06-04 03:00:00,23,chuva leve,17,3471872
Aracaju,2024-06-04 06:00:00,24,chuva leve,21,3471872
Aracaju,2024-06-04 09:00:00,23,chuva leve,20,3471872
Aracaju,2024-06-04 12:00:00,26,chuva leve,19,3471872
Aracaju,2024-06-04 15:00:00,28,chuva leve,52,3471872
Aracaju,2024-06-04 18:00:00,27,nublado,60,3471872
Aracaju,2024-06-04 21:00:00,24,chuva leve,88,3471872
Aracaju,2024-06-05 00:00:00,24,chuva leve,85,3471872
Aracaju,2024-06-05 03:00:00,24,chuva leve,75,3471872
Aracaju,2024-06-05 06:00:00,24,chuva leve,89,3471872
Aracaju,2024-06-05 09:00:00,23,chuva leve,75,3471872
Aracaju,2024-06-05 12:00:00,25,chuva leve,88,3471872
Aracaju,2024-06-05 15:00:00,26,chuva leve,88,3471872
Aracaju,2024-06-05 18:00:00,26,chuva leve,94,3471872
Aracaju,2024-06-05 21:00:00,23,chuva leve,100,3471872
Aracaju,2024-06-06 00:00:00,23,chuva moderada,100,3471872
Aracaju,2024-06-06 03:00:00,24,chuva moderada,95,3471872
Aracaju,2024-06-06 06:00:00,24,nublado,97,3471872
Aracaju,2024-06-06 09:00:00,23,nublado,99,3471872
Aracaju,2024-06-06 12:00:00,27,nublado,78,3471872
Aracaju,2024-06-06 15:00:00,28,céu limpo,8,3471872
Aracaju,2024-06-06 18:00:00,27,chuva leve,20,3471872
Aracaju,2024-06-06 21:00:00,25,céu limpo,0,3471872
Brasília,2024-06-02 00:00:00,19,nuvens dispersas,34,3469058
Brasília,2024-06-02 03:00:00,18,algumas nuvens,21,3469058
Brasília,2024-06-02 06:00:00,15,céu limpo,6,3469058
Brasília,2024-06-02 09:00:00,14,céu limpo,1,3469058
Brasília,2024-06-02 12:00:00,18,céu limpo,0,3469058
Brasília,2024-06-02 15:00:00,23,céu limpo,0,3469058
Brasília,2024-06-02 18:00:00,25,céu limpo,6,3469058
Brasília,2024-06-02 21:00:00,21,nublado,83,3469058
Brasília,2024-06-03 00:00:00,20,nublado,83,3469058
Brasília,2024-06-03 03:00:00,18,nublado,56,3469058
Brasília,2024-06-03 06:00:00,17,nuvens dispersas,44,3469058
Brasília,2024-06-03 09:00:00,16,nublado,94,3469058
Brasília,2024-06-03 12:00:00,18,nublado,89,3469058
Brasília,2024-06-03 15:00:00,23,nublado,75,3469058
Brasília,2024-06-03 18:00:00,25,nublado,71,3469058
Brasília,2024-06-03 21:00:00,20,nublado,60,3469058
Brasília,2024-06-04 00:00:00,18,nublado,77,3469058
Brasília,2024-06-04 03:00:00,17,nublado,81,3469058
Brasília,2024-06-04 06:00:00,16,nublado,89,3469058
Brasília,2024-06-04 09:00:00,15,nublado,100,3469058
Brasília,2024-06-04 12:00:00,19,nublado,100,3469058
Brasília,2024-06-04 15:00:00,23,nublado,100,3469058
Brasília,2024-06-04 18:00:00,24,nublado,88,3469058
Brasília,2024-06-04 21:00:00,20,nublado,100,3469058
Brasília,2024-06-05 00:00:00,18,nublado,100,3469058
Brasília,2024-06-05 03:00:00,17,nublado,55,3469058
Brasília,2024-06-05 06:00:00,16,nuvens dispersas,29,3469058
Brasília,2024-06-05 09:00:00,15,céu limpo,2,3469058
Brasília,2024-06-05 12:00:00,19,céu limpo,1,3469058
Brasília,2024-06-05 15:00:00,24,céu limpo,0,3469058
Brasília,2024-06-05 18:00:00,25,céu limpo,0,3469058
Brasília,2024-06-05 21:00:00,21,céu limpo,0,3469058
Brasília,2024-06-06 00:00:00,18,céu limpo,0,3469058
Brasília,2024-06-06 03:00:00,17,céu limpo,0,3469058
Brasília,2024-06-06 06:00:00,16,céu limpo,3,3469058
Brasília,2024-06-06 09:00:00,15,céu limpo,0,3469058
Brasília,2024-06-06 12:00:00,19,céu limpo,0,3469058
Brasília,2024-06-06 15:00:00,25,céu limpo,0,3469058
Brasília,2024-06-06 18:00:00,26,céu limpo,0,3469058
Brasília,2024-06-06 21:00:00,21,céu limpo,0,3469058
Goiânia,2024-06-02 00:00:00,21,céu limpo,0,3462377
Goiânia,2024-06-02 03:00:00,19,céu limpo,4,3462377
Goiânia,2024-06-02 06:00:00,17,céu limpo,8,3462377
Goiânia,2024-06-02 09:00:00,16,céu limpo,0,3462377
Goiânia,2024-06-02 12:00:00,22,céu limpo,0,3462377
Goiânia,2024-06-02 15:00:00,28,céu limpo,3,3462377
Goiânia,2024-06-02 18:00:00,29,céu limpo,6,3462377
Goiânia,2024-06-02 21:00:00,25,nuvens dispersas,46,3462377
Goiânia,2024-06-03 00:00:00,23,nublado,74,3462377
Goiânia,2024-06-03 03:00:00,21,nublado,93,3462377
Goiânia,2024-06-03 06:00:00,19,nublado,74,3462377
Goiânia,2024-06-03 09:00:00,17,algumas nuvens,14,3462377
Goiânia,2024-06-03 12:00:00,24,nuvens dispersas,26,3462377
Goiânia,2024-06-03 15:00:00,29,nuvens dispersas,29,3462377
Goiânia,2024-06-03 18:00:00,30,nublado,57,3462377
Goiânia,2024-06-03 21:00:00,25,nublado,57,3462377
Goiânia,2024-06-04 00:00:00,21,nublado,57,3462377
Goiânia,2024-06-04 03:00:00,20,nublado,60,3462377
Goiânia,2024-06-04 06:00:00,18,nublado,83,3462377
Goiânia,2024-06-04 09:00:00,17,nublado,100,3462377
Goiânia,2024-06-04 12:00:00,22,nublado,99,3462377
Goiânia,2024-06-04 15:00:00,28,nublado,100,3462377
Goiânia,2024-06-04 18:00:00,29,nublado,91,3462377
Goiânia,2024-06-04 21:00:00,24,nublado,55,3462377
Goiânia,2024-06-05 00:00:00,20,nuvens dispersas,31,3462377
Goiânia,2024-06-05 03:00:00,19,céu limpo,1,3462377
Goiânia,2024-06-05 06:00:00,17,céu limpo,1,3462377
Goiânia,2024-06-05 09:00:00,16,céu limpo,0,3462377
Goiânia,2024-06-05 12:00:00,23,céu limpo,0,3462377
Goiânia,2024-06-05 15:00:00,29,céu limpo,0,3462377
Goiânia,2024-06-05 18:00:00,30,céu limpo,0,3462377
Goiânia,2024-06-05 21:00:00,24,céu limpo,0,3462377
Goiânia,2024-06-06 00:00:00,21,céu limpo,0,3462377
Goiânia,2024-06-06 03:00:00,19,céu limpo,2,3462377
Goiânia,2024-06-06 06:00:00,18,céu limpo,3,3462377
Goiânia,2024-06-06 09:00:00,17,céu limpo,0,3462377
Goiânia,2024-06-06 12:00:00,23,céu limpo,0,3462377
Goiânia,2024-06-06 15:00:00,29,céu limpo,0,3462377
Goiânia,2024-06-06 18:00:00,31,céu limpo,0,3462377
Goiânia,2024-06-06 21:00:00,25,céu limpo,0,3462377
Cuiabá,2024-06-02 00:00:00,26,céu limpo,2,3465038
Cuiabá,2024-06-02 03:00:00,24,céu limpo,4,3465038
Cuiabá,2024-06-02 06:00:00,21,céu limpo,5,3465038
Cuiabá,2024-06-02 09:00:00,21,nuvens dispersas,40,3465038
Cuiabá,2024-06-02 12:00:00,25,nuvens dispersas,46,3465038
Cuiabá,2024-06-02 15:00:00,35,céu limpo,10,3465038
Cuiabá,2024-06-02 18:00:00,36,céu limpo,6,3465038
Cuiabá,2024-06-02 21:00:00,31,céu limpo,3,3465038
Cuiabá,2024-06-03 00:00:00,25,céu limpo,2,3465038
Cuiabá,2024-06-03 03:00:00,24,algumas nuvens,19,3465038
Cuiabá,2024-06-03 06:00:00,23,nuvens dispersas,50,3465038
Cuiabá,2024-06-03 09:00:00,22,nublado,100,3465038
Cuiabá,2024-06-03 12:00:00,25,nublado,95,3465038
Cuiabá,2024-06-03 15:00:00,32,nublado,100,3465038
Cuiabá,2024-06-03 18:00:00,34,nublado,93,3465038
Cuiabá,2024-06-03 21:00:00,30,nublado,70,3465038
Cuiabá,2024-06-04 00:00:00,25,nuvens dispersas,42,3465038
Cuiabá,2024-06-04 03:00:00,23,nublado,91,3465038
Cuiabá,2024-06-04 06:00:00,21,nublado,81,3465038
Cuiabá,2024-06-04 09:00:00,20,nublado,80,3465038
Cuiabá,2024-06-04 12:00:00,26,nublado,90,3465038
Cuiabá,2024-06-04 15:00:00,35,nublado,98,3465038
Cuiabá,2024-06-04 18:00:00,37,nublado,91,3465038
Cuiabá,2024-06-04 21:00:00,31,nublado,51,3465038
Cuiabá,2024-06-05 00:00:00,24,nuvens dispersas,26,3465038
Cuiabá,2024-06-05 03:00:00,22,céu limpo,0,3465038
Cuiabá,2024-06-05 06:00:00,21,céu limpo,10,3465038
Cuiabá,2024-06-05 09:00:00,20,céu limpo,8,3465038
Cuiabá,2024-06-05 12:00:00,26,céu limpo,6,3465038
Cuiabá,2024-06-05 15:00:00,36,céu limpo,0,3465038
Cuiabá,2024-06-05 18:00:00,37,céu limpo,0,3465038
Cuiabá,2024-06-05 21:00:00,31,céu limpo,0,3465038
Cuiabá,2024-06-06 00:00:00,24,céu limpo,0,3465038
Cuiabá,2024-06-06 03:00:00,23,céu limpo,1,3465038
Cuiabá,2024-06-06 06:00:00,21,céu limpo,0,3465038
Cuiabá,2024-06-06 09:00:00,20,céu limpo,4,3465038
Cuiabá,2024-06-06 12:00:00,26,algumas nuvens,11,3465038
Cuiabá,2024-06-06 15:00:00,35,céu limpo,6,3465038
Cuiabá,2024-06-06 18:00:00,37,céu limpo,4,3465038
Cuiabá,2024-06-06 21:00:00,31,céu limpo,1,3465038
Campo Grande,2024-06-02 00:00:00,24,céu limpo,0,3467747
Campo Grande,2024-06-02 03:00:00,22,céu limpo,0,3467747
Campo Grande,2024-06-02 06:00:00,20,céu limpo,0,3467747
Campo Grande,2024-06-02 09:00:00,20,céu limpo,0,3467747
Campo Grande,2024-06-02 12:00:00,23,céu limpo,0,3467747
Campo Grande,2024-06-02 15:00:00,30,céu limpo,0,3467747
Campo Grande,2024-06-02 18:00:00,31,céu limpo,0,3467747
Campo Grande,2024-06-02 21:00:00,26,céu limpo,0,3467747
Campo Grande,2024-06-03 00:00:00,23,céu limpo,0,3467747
Campo Grande,2024-06-03 03:00:00,22,céu limpo,2,3467747
Campo Grande,2024-06-03 06:00:00,21,céu limpo,1,3467747
Campo Grande,2024-06-03 09:00:00,20,céu limpo,0,3467747
Campo Grande,2024-06-03 12:00:00,25,céu limpo,0,3467747
Campo Grande,2024-06-03 15:00:00,31,céu limpo,1,3467747
Campo Grande,2024-06-03 18:00:00,32,céu limpo,3,3467747
Campo Grande,2024-06-03 21:00:00,27,nuvens dispersas,35,3467747
Campo Grande,2024-06-04 00:00:00,27,nublado,64,3467747
Campo Grande,2024-06-04 03:00:00,25,nublado,89,3467747
Campo Grande,2024-06-04 06:00:00,23,nublado,89,3467747
Campo Grande,2024-06-04 09:00:00,21,céu limpo,0,3467747
Campo Grande,2024-06-04 12:00:00,24,céu limpo,1,3467747
Campo Grande,2024-06-04 15:00:00,31,algumas nuvens,23,3467747
Campo Grande,2024-06-04 18:00:00,32,algumas nuvens,12,3467747
Campo Grande,2024-06-04 21:00:00,27,céu limpo,2,3467747
Campo Grande,2024-06-05 00:00:00,24,céu limpo,2,3467747
Campo Grande,2024-06-05 03:00:00,22,céu limpo,0,3467747
Campo Grande,2024-06-05 06:00:00,21,céu limpo,0,3467747
Campo Grande,2024-06-05 09:00:00,19,céu limpo,0,3467747
Campo Grande,2024-06-05 12:00:00,22,céu limpo,0,3467747
Campo Grande,2024-06-05 15:00:00,29,céu limpo,3,3467747
Campo Grande,2024-06-05 18:00:00,32,céu limpo,2,3467747
Campo Grande,2024-06-05 21:00:00,26,céu limpo,0,3467747
Campo Grande,2024-06-06 00:00:00,23,céu limpo,0,3467747
Campo Grande,2024-06-06 03:00:00,22,céu limpo,0,3467747
Campo Grande,2024-06-06 06:00:00,21,céu limpo,0,3467747
Campo Grande,2024-06-06 09:00:00,20,céu limpo,0,3467747
Campo Grande,2024-06-06 12:00:00,23,céu limpo,0,3467747
Campo Grande,2024-06-06 15:00:00,31,céu limpo,0,3467747
Campo Grande,2024-06-06 18:00:00,33,céu limpo,0,3467747
Campo Grande,2024-06-06 21:00:00,27,céu limpo,2,3467747
Vitória,2024-06-02 00:00:00,21,chuva leve,66,3444924
Vitória,2024-06-02 03:00:00,21,chuva leve,48,3444924
Vitória,2024-06-02 06:00:00,21,chuva leve,53,3444924
Vitória,2024-06-02 09:00:00,20,nublado,81,3444924
Vitória,2024-06-02 12:00:00,23,nublado,72,3444924
Vitória,2024-06-02 15:00:00,24,chuva leve,76,3444924
Vitória,2024-06-02 18:00:00,24,nublado,64,3444924
Vitória,2024-06-02 21:00:00,22,nuvens dispersas,33,3444924
Vitória,2024-06-03 00:00:00,21,chuva leve,21,3444924
Vitória,2024-06-03 03:00:00,21,chuva leve,93,3444924
Vitória,2024-06-03 06:00:00,21,chuva leve,96,3444924
Vitória,2024-06-03 09:00:00,22,nublado,100,3444924
Vitória,2024-06-03 12:00:00,23,nublado,98,3444924
Vitória,2024-06-03 15:00:00,25,céu limpo,2,3444924
Vitória,2024-06-03 18:00:00,25,céu limpo,1,3444924
Vitória,2024-06-03 21:00:00,23,céu limpo,3,3444924
Vitória,2024-06-04 00:00:00,22,algumas nuvens,12,3444924
Vitória,2024-06-04 03:00:00,21,chuva leve,67,3444924
Vitória,2024-06-04 06:00:00,21,chuva leve,82,3444924
Vitória,2024-06-04 09:00:00,20,chuva leve,83,3444924
Vitória,2024-06-04 12:00:00,24,nublado,58,3444924
Vitória,2024-06-04 15:00:00,25,céu limpo,10,3444924
Vitória,2024-06-04 18:00:00,25,algumas nuvens,21,3444924
Vitória,2024-06-04 21:00:00,22,céu limpo,0,3444924
Vitória,2024-06-05 00:00:00,20,céu limpo,0,3444924
Vitória,2024-06-05 03:00:00,20,chuva leve,10,3444924
Vitória,2024-06-05 06:00:00,19,nuvens dispersas,31,3444924
Vitória,2024-06-05 09:00:00,19,nublado,91,3444924
Vitória,2024-06-05 12:00:00,22,nuvens dispersas,45,3444924
Vitória,2024-06-05 15:00:00,24,céu limpo,8,3444924
Vitória,2024-06-05 18:00:00,23,algumas nuvens,14,3444924
Vitória,2024-06-05 21:00:00,21,céu limpo,4,3444924
Vitória,2024-06-06 00:00:00,20,céu limpo,3,3444924
Vitória,2024-06-06 03:00:00,19,céu limpo,1,3444924
Vitória,2024-06-06 06:00:00,19,céu limpo,3,3444924
Vitória,2024-06-06 09:00:00,19,céu limpo,0,3444924
Vitória,2024-06-06 12:00:00,22,céu limpo,5,3444924
Vitória,2024-06-06 15:00:00,23,nuvens dispersas,25,3444924
Vitória,2024-06-06 18:00:00,23,chuva leve,29,3444924
Vitória,2024-06-06 21:00:00,21,chuva leve,28,3444924
Belo Horizonte,2024-06-02 00:00:00,18,céu limpo,1,3470127
Belo Horizonte,2024-06-02 03:00:00,16,céu limpo,0,3470127
Belo Horizonte,2024-06-02 06:00:00,14,céu limpo,0,3470127
Belo Horizonte,2024-06-02 09:00:00,13,céu limpo,5,3470127
Belo Horizonte,2024-06-02 12:00:00,19,céu limpo,6,3470127
Belo Horizonte,2024-06-02 15:00:00,24,céu limpo,0,3470127
Belo Horizonte,2024-06-02 18:00:00,24,céu limpo,9,3470127
Belo Horizonte,2024-06-02 21:00:00,21,nublado,100,3470127
Belo Horizonte,2024-06-03 00:00:00,16,nublado,70,3470127
Belo Horizonte,2024-06-03 03:00:00,15,céu limpo,1,3470127
Belo Horizonte,2024-06-03 06:00:00,14,céu limpo,2,3470127
Belo Horizonte,2024-06-03 09:00:00,14,céu limpo,0,3470127
Belo Horizonte,2024-06-03 12:00:00,20,céu limpo,0,3470127
Belo Horizonte,2024-06-03 15:00:00,26,céu limpo,0,3470127
Belo Horizonte,2024-06-03 18:00:00,26,céu limpo,9,3470127
Belo Horizonte,2024-06-03 21:00:00,21,nublado,66,3470127
Belo Horizonte,2024-06-04 00:00:00,18,nublado,54,3470127
Belo Horizonte,2024-06-04 03:00:00,17,nublado,57,3470127
Belo Horizonte,2024-06-04 06:00:00,17,nublado,63,3470127
Belo Horizonte,2024-06-04 09:00:00,15,nuvens dispersas,25,3470127
Belo Horizonte,2024-06-04 12:00:00,22,algumas nuvens,14,3470127
Belo Horizonte,2024-06-04 15:00:00,26,nuvens dispersas,47,3470127
Belo Horizonte,2024-06-04 18:00:00,25,nublado,60,3470127
Belo Horizonte,2024-06-04 21:00:00,20,nublado,100,3470127
Belo Horizonte,2024-06-05 00:00:00,17,nublado,97,3470127
Belo Horizonte,2024-06-05 03:00:00,15,algumas nuvens,14,3470127
Belo Horizonte,2024-06-05 06:00:00,14,nuvens dispersas,32,3470127
Belo Horizonte,2024-06-05 09:00:00,13,céu limpo,0,3470127
Belo Horizonte,2024-06-05 12:00:00,20,céu limpo,0,3470127
Belo Horizonte,2024-06-05 15:00:00,25,céu limpo,0,3470127
Belo Horizonte,2024-06-05 18:00:00,25,céu limpo,1,3470127
Belo Horizonte,2024-06-05 21:00:00,21,nuvens dispersas,39,3470127
Belo Horizonte,2024-06-06 00:00:00,17,nuvens dispersas,49,3470127
Belo Horizonte,2024-06-06 03:00:00,15,céu limpo,0,3470127
Belo Horizonte,2024-06-06 06:00:00,14,céu limpo,0,3470127
Belo Horizonte,2024-06-06 09:00:00,14,céu limpo,0,3470127
Belo Horizonte,2024-06-06 12:00:00,20,céu limpo,0,3470127
Belo Horizonte,2024-06-06 15:00:00,25,céu limpo,0,3470127
Belo Horizonte,2024-06-06 18:00:00,26,céu limpo,2,3470127
Belo Horizonte,2024-06-06 21:00:00,21,nuvens dispersas,47,3470127
Rio de Janeiro,2024-06-02 00:00:00,21,algumas nuvens,14,3451190
Rio de Janeiro,2024-06-02 03:00:00,20,céu limpo,10,3451190
Rio de Janeiro,2024-06-02 06:00:00,18,nuvens dispersas,33,3451190
Rio de Janeiro,2024-06-02 09:00:00,17,nublado,89,3451190
Rio de Janeiro,2024-06-02 12:00:00,20,nublado,95,3451190
Rio de Janeiro,2024-06-02 15:00:00,24,nuvens dispersas,38,3451190
Rio de Janeiro,2024-06-02 18:00:00,24,nuvens dispersas,30,3451190
Rio de Janeiro,2024-06-02 21:00:00,22,céu limpo,8,3451190
Rio de Janeiro,2024-06-03 00:00:00,20,céu limpo,8,3451190
Rio de Janeiro,2024-06-03 03:00:00,19,céu limpo,4,3451190
Rio de Janeiro,2024-06-03 06:00:00,19,céu limpo,2,3451190
Rio de Janeiro,2024-06-03 09:00:00,18,céu limpo,3,3451190
Rio de Janeiro,2024-06-03 12:00:00,22,céu limpo,3,3451190
Rio de Janeiro,2024-06-03 15:00:00,27,céu limpo,0,3451190
Rio de Janeiro,2024-06-03 18:00:00,26,céu limpo,8,3451190
Rio de Janeiro,2024-06-03 21:00:00,23,céu limpo,0,3451190
Rio de Janeiro,2024-06-04 00:00:00,22,céu limpo,0,3451190
Rio de Janeiro,2024-06-04 03:00:00,21,céu limpo,0,3451190
Rio de Janeiro,2024-06-04 06:00:00,20,céu limpo,0,3451190
Rio de Janeiro,2024-06-04 09:00:00,20,céu limpo,0,3451190
Rio de Janeiro,2024-06-04 12:00:00,22,chuva leve,0,3451190
Rio de Janeiro,2024-06-04 15:00:00,23,chuva leve,18,3451190
Rio de Janeiro,2024-06-04 18:00:00,22,chuva leve,25,3451190
Rio de Janeiro,2024-06-04 21:00:00,21,chuva leve,12,3451190
Rio de Janeiro,2024-06-05 00:00:00,20,chuva leve,12,3451190
Rio de Janeiro,2024-06-05 03:00:00,20,chuva leve,100,3451190
Rio de Janeiro,2024-06-05 06:00:00,19,chuva leve,75,3451190
Rio de Janeiro,2024-06-05 09:00:00,18,céu limpo,9,3451190
Rio de Janeiro,2024-06-05 12:00:00,20,céu limpo,1,3451190
Rio de Janeiro,2024-06-05 15:00:00,23,céu limpo,0,3451190
Rio de Janeiro,2024-06-05 18:00:00,23,céu limpo,0,3451190
Rio de Janeiro,2024-06-05 21:00:00,21,céu limpo,6,3451190
Rio de Janeiro,2024-06-06 00:00:00,20,céu limpo,6,3451190
Rio de Janeiro,2024-06-06 03:00:00,20,céu limpo,0,3451190
Rio de Janeiro,2024-06-06 06:00:00,19,céu limpo,1,3451190
Rio de Janeiro,2024-06-06 09:00:00,18,céu limpo,1,3451190
Rio de Janeiro,2024-06-06 12:00:00,21,céu limpo,1,3451190
Rio de Janeiro,2024-06-06 15:00:00,23,céu limpo,0,3451190
Rio de Janeiro,2024-06-06 18:00:00,23,céu limpo,0,3451190
Rio de Janeiro,2024-06-06 21:00:00,21,céu limpo,2,3451190
São Paulo,2024-06-02 00:00:00,17,algumas nuvens,12,3448439
São Paulo,2024-06-02 03:00:00,16,nublado,65,3448439
São Paulo,2024-06-02 06:00:00,14,nublado,99,3448439
São Paulo,2024-06-02 09:00:00,14,nublado,99,3448439
São Paulo,2024-06-02 12:00:00,16,nublado,96,3448439
São Paulo,2024-06-02 15:00:00,23,nuvens dispersas,42,3448439
São Paulo,2024-06-02 18:00:00,25,nuvens dispersas,34,3448439
São Paulo,2024-06-02 21:00:00,21,nublado,51,3448439
São Paulo,2024-06-03 00:00:00,19,nuvens dispersas,32,3448439
São Paulo,2024-06-03 03:00:00,18,algumas nuvens,16,3448439
São Paulo,2024-06-03 06:00:00,16,nuvens dispersas,32,3448439
São Paulo,2024-06-03 09:00:00,16,nuvens dispersas,41,3448439
São Paulo,2024-06-03 12:00:00,19,algumas nuvens,21,3448439
São Paulo,2024-06-03 15:00:00,25,céu limpo,0,3448439
São Paulo,2024-06-03 18:00:00,26,céu limpo,1,3448439
São Paulo,2024-06-03 21:00:00,23,algumas nuvens,15,3448439
São Paulo,2024-06-04 00:00:00,18,algumas nuvens,21,3448439
São Paulo,2024-06-04 03:00:00,16,nublado,70,3448439
São Paulo,2024-06-04 06:00:00,17,nublado,83,3448439
São Paulo,2024-06-04 09:00:00,16,chuva leve,98,3448439
São Paulo,2024-06-04 12:00:00,17,chuva leve,97,3448439
São Paulo,2024-06-04 15:00:00,17,chuva leve,100,3448439
São Paulo,2024-06-04 18:00:00,16,chuva leve,100,3448439
São Paulo,2024-06-04 21:00:00,16,chuva leve,99,3448439
São Paulo,2024-06-05 00:00:00,16,chuva leve,99,3448439
São Paulo,2024-06-05 03:00:00,16,chuva leve,99,3448439
São Paulo,2024-06-05 06:00:00,16,nublado,98,3448439
São Paulo,2024-06-05 09:00:00,16,nublado,100,3448439
São Paulo,2024-06-05 12:00:00,17,nublado,81,3448439
São Paulo,2024-06-05 15:00:00,21,algumas nuvens,18,3448439
São Paulo,2024-06-05 18:00:00,22,algumas nuvens,12,3448439
São Paulo,2024-06-05 21:00:00,19,céu limpo,1,3448439
São Paulo,2024-06-06 00:00:00,17,céu limpo,0,3448439
São Paulo,2024-06-06 03:00:00,16,algumas nuvens,14,3448439
São Paulo,2024-06-06 06:00:00,15,nuvens dispersas,31,3448439
São Paulo,2024-06-06 09:00:00,15,nublado,56,3448439
São Paulo,2024-06-06 12:00:00,17,nublado,70,3448439
São Paulo,2024-06-06 15:00:00,22,céu limpo,6,3448439
São Paulo,2024-06-06 18:00:00,24,céu limpo,8,3448439
São Paulo,2024-06-06 21:00:00,21,nublado,68,3448439
Curitiba,2024-06-02 00:00:00,14,nuvens dispersas,44,6322752
Curitiba,2024-06-02 03:00:00,13,nublado,73,6322752
Curitiba,2024-06-02 06:00:00,12,nublado,99,6322752
Curitiba,2024-06-02 09:00:00,11,nublado,100,6322752
Curitiba,2024-06-02 12:00:00,15,nublado,84,6322752
Curitiba,2024-06-02 15:00:00,21,céu limpo,0,6322752
Curitiba,2024-06-02 18:00:00,22,céu limpo,0,6322752
Curitiba,2024-06-02 21:00:00,17,céu limpo,2,6322752
Curitiba,2024-06-03 00:00:00,15,nuvens dispersas,29,6322752
Curitiba,2024-06-03 03:00:00,14,nublado,98,6322752
Curitiba,2024-06-03 06:00:00,13,nublado,63,6322752
Curitiba,2024-06-03 09:00:00,12,céu limpo,0,6322752
Curitiba,2024-06-03 12:00:00,17,céu limpo,0,6322752
Curitiba,2024-06-03 15:00:00,22,céu limpo,0,6322752
Curitiba,2024-06-03 18:00:00,23,céu limpo,0,6322752
Curitiba,2024-06-03 21:00:00,16,céu limpo,8,6322752
Curitiba,2024-06-04 00:00:00,13,nuvens dispersas,44,6322752
Curitiba,2024-06-04 03:00:00,12,nublado,100,6322752
Curitiba,2024-06-04 06:00:00,11,nublado,100,6322752
Curitiba,2024-06-04 09:00:00,11,nublado,100,6322752
Curitiba,2024-06-04 12:00:00,11,nublado,100,6322752
Curitiba,2024-06-04 15:00:00,12,nublado,100,6322752
Curitiba,2024-06-04 18:00:00,12,nublado,100,6322752
Curitiba,2024-06-04 21:00:00,12,nublado,100,6322752
Curitiba,2024-06-05 00:00:00,12,nublado,100,6322752
Curitiba,2024-06-05 03:00:00,12,nublado,99,6322752
Curitiba,2024-06-05 06:00:00,10,nublado,75,6322752
Curitiba,2024-06-05 09:00:00,11,nublado,76,6322752
Curitiba,2024-06-05 12:00:00,14,nublado,67,6322752
Curitiba,2024-06-05 15:00:00,21,céu limpo,4,6322752
Curitiba,2024-06-05 18:00:00,22,céu limpo,2,6322752
Curitiba,2024-06-05 21:00:00,17,céu limpo,0,6322752
Curitiba,2024-06-06 00:00:00,14,céu limpo,1,6322752
Curitiba,2024-06-06 03:00:00,13,céu limpo,7,6322752
Curitiba,2024-06-06 06:00:00,12,algumas nuvens,21,6322752
Curitiba,2024-06-06 09:00:00,12,nublado,90,6322752
Curitiba,2024-06-06 12:00:00,15,nublado,85,6322752
Curitiba,2024-06-06 15:00:00,22,algumas nuvens,13,6322752
Curitiba,2024-06-06 18:00:00,23,algumas nuvens,11,6322752
Curitiba,2024-06-06 21:00:00,17,algumas nuvens,17,6322752
Porto Alegre,2024-06-02 00:00:00,16,céu limpo,6,3452925
Porto Alegre,2024-06-02 03:00:00,15,céu limpo,0,3452925
Porto Alegre,2024-06-02 06:00:00,14,céu limpo,0,3452925
Porto Alegre,2024-06-02 09:00:00,13,céu limpo,4,3452925
Porto Alegre,2024-06-02 12:00:00,16,céu limpo,2,3452925
Porto Alegre,2024-06-02 15:00:00,21,céu limpo,0,3452925
Porto Alegre,2024-06-02 18:00:00,23,céu limpo,10,3452925
Porto Alegre,2024-06-02 21:00:00,19,céu limpo,9,3452925
Porto Alegre,2024-06-03 00:00:00,18,algumas nuvens,17,3452925
Porto Alegre,2024-06-03 03:00:00,17,nuvens dispersas,36,3452925
Porto Alegre,2024-06-03 06:00:00,14,nublado,69,3452925
Porto Alegre,2024-06-03 09:00:00,13,nublado,100,3452925
Porto Alegre,2024-06-03 12:00:00,11,chuva leve,100,3452925
Porto Alegre,2024-06-03 15:00:00,11,chuva leve,100,3452925
Porto Alegre,2024-06-03 18:00:00,10,chuva leve,100,3452925
Porto Alegre,2024-06-03 21:00:00,10,nublado,69,3452925
Porto Alegre,2024-06-04 00:00:00,10,nublado,61,3452925
Porto Alegre,2024-06-04 03:00:00,9,céu limpo,6,3452925
Porto Alegre,2024-06-04 06:00:00,9,nuvens dispersas,35,3452925
Porto Alegre,2024-06-04 09:00:00,9,nublado,100,3452925
Porto Alegre,2024-06-04 12:00:00,11,nublado,100,3452925
Porto Alegre,2024-06-04 15:00:00,16,nublado,78,3452925
Porto Alegre,2024-06-04 18:00:00,18,nublado,89,3452925
Porto Alegre,2024-06-04 21:00:00,15,nublado,76,3452925
Porto Alegre,2024-06-05 00:00:00,14,nublado,62,3452925
Porto Alegre,2024-06-05 03:00:00,13,nuvens dispersas,37,3452925
Porto Alegre,2024-06-05 06:00:00,14,nublado,60,3452925
Porto Alegre,2024-06-05 09:00:00,13,nublado,100,3452925
Porto Alegre,2024-06-05 12:00:00,14,nublado,100,3452925
Porto Alegre,2024-06-05 15:00:00,20,nublado,87,3452925
Porto Alegre,2024-06-05 18:00:00,21,nublado,89,3452925
Porto Alegre,2024-06-05 21:00:00,18,nublado,53,3452925
Porto Alegre,2024-06-06 00:00:00,17,nublado,76,3452925
Porto Alegre,2024-06-06 03:00:00,17,nublado,97,3452925
Porto Alegre,2024-06-06 06:00:00,16,nublado,98,3452925
Porto Alegre,2024-06-06 09:00:00,16,nublado,98,3452925
Porto Alegre,2024-06-06 12:00:00,18,nublado,99,3452925
Porto Alegre,2024-06-06 15:00:00,23,nublado,100,3452925
Porto Alegre,2024-06-06 18:00:00,25,nublado,88,3452925
Porto Alegre,2024-06-06 21:00:00,21,nublado,95,3452925
Florianópolis,2024-06-02 00:00:00,17,nuvens dispersas,42,6323121
Florianópolis,2024-06-02 03:00:00,16,nublado,73,6323121
Florianópolis,2024-06-02 06:00:00,17,nublado,100,6323121
Florianópolis,2024-06-02 09:00:00,16,nublado,71,6323121
Florianópolis,2024-06-02 12:00:00,18,nublado,52,6323121
Florianópolis,2024-06-02 15:00:00,21,nuvens dispersas,30,6323121
Florianópolis,2024-06-02 18:00:00,21,algumas nuvens,17,6323121
Florianópolis,2024-06-02 21:00:00,18,céu limpo,1,6323121
Florianópolis,2024-06-03 00:00:00,17,céu limpo,5,6323121
Florianópolis,2024-06-03 03:00:00,16,algumas nuvens,14,6323121
Florianópolis,2024-06-03 06:00:00,16,céu limpo,10,6323121
Florianópolis,2024-06-03 09:00:00,16,céu limpo,3,6323121
Florianópolis,2024-06-03 12:00:00,18,céu limpo,2,6323121
Florianópolis,2024-06-03 15:00:00,20,céu limpo,3,6323121
Florianópolis,2024-06-03 18:00:00,17,céu limpo,1,6323121
Florianópolis,2024-06-03 21:00:00,15,nublado,69,6323121
Florianópolis,2024-06-04 00:00:00,15,nublado,78,6323121
Florianópolis,2024-06-04 03:00:00,14,nublado,100,6323121
Florianópolis,2024-06-04 06:00:00,14,chuva leve,100,6323121
Florianópolis,2024-06-04 09:00:00,14,chuva leve,100,6323121
Florianópolis,2024-06-04 12:00:00,14,nublado,100,6323121
Florianópolis,2024-06-04 15:00:00,16,nublado,100,6323121
Florianópolis,2024-06-04 18:00:00,17,nublado,100,6323121
Florianópolis,2024-06-04 21:00:00,16,nublado,100,6323121
Florianópolis,2024-06-05 00:00:00,15,nublado,83,6323121
Florianópolis,2024-06-05 03:00:00,15,nublado,78,6323121
Florianópolis,2024-06-05 06:00:00,15,nublado,69,6323121
Florianópolis,2024-06-05 09:00:00,14,nuvens dispersas,33,6323121
Florianópolis,2024-06-05 12:00:00,16,nublado,54,6323121
Florianópolis,2024-06-05 15:00:00,20,céu limpo,2,6323121
Florianópolis,2024-06-05 18:00:00,20,céu limpo,3,6323121
Florianópolis,2024-06-05 21:00:00,17,céu limpo,4,6323121
Florianópolis,2024-06-06 00:00:00,17,céu limpo,9,6323121
Florianópolis,2024-06-06 03:00:00,17,nublado,73,6323121
Florianópolis,2024-06-06 06:00:00,17,nublado,85,6323121
Florianópolis,2024-06-06 09:00:00,17,nublado,100,6323121
Florianópolis,2024-06-06 12:00:00,19,nublado,76,6323121
Florianópolis,2024-06-06 15:00:00,22,nublado,72,6323121
Florianópolis,2024-06-06 18:00:00,22,nublado,82,6323121
Florianópolis,2024-06-06 21:00:00,19,algumas nuvens,17,6323121
